{"cameraMode":{"drawMode":0,"name":"Shaded","section":"Shading Mode"},"sceneLighting":true,"audioPlay":false,"sceneViewState":{"showFog":true,"showMaterialUpdate":true,"showSkybox":true,"showFlares":true,"showImageEffects":true,"showParticleSystems":true},"in2DMode":false,"pivot":{"x":-62.75282287597656,"y":1.2038010358810425,"z":47.562618255615237},"rotation":{"x":0.28666120767593386,"y":-0.3255731165409088,"z":0.10427799075841904,"w":0.8949601650238037},"size":5.5082316398620609,"orthographic":false}