{"cameraMode":{"drawMode":0,"name":"Shaded","section":"Shading Mode"},"sceneLighting":true,"audioPlay":false,"sceneViewState":{"showFog":true,"showMaterialUpdate":false,"showSkybox":true,"showFlares":true,"showImageEffects":true,"showParticleSystems":true},"in2DMode":false,"pivot":{"x":26.655643463134767,"y":-3.724052906036377,"z":-4.257363319396973},"rotation":{"x":-0.09376844018697739,"y":-0.7080342769622803,"z":0.09575709700584412,"w":-0.6933437585830689},"size":23.251964569091798,"orthographic":false}