{"cameraMode":{"drawMode":0,"name":"Shaded","section":"Shading Mode"},"sceneLighting":true,"audioPlay":false,"sceneViewState":{"showFog":true,"showMaterialUpdate":true,"showSkybox":true,"showFlares":true,"showImageEffects":true,"showParticleSystems":true},"in2DMode":false,"pivot":{"x":-41.504722595214847,"y":-21.76225471496582,"z":2.138700008392334},"rotation":{"x":-0.015133481472730637,"y":-0.93830806016922,"z":0.34297865629196169,"w":-0.04140995815396309},"size":57.37019348144531,"orthographic":false}