{"cameraMode":{"drawMode":0,"name":"Shaded","section":"Shading Mode"},"sceneLighting":true,"audioPlay":false,"sceneViewState":{"showFog":true,"showMaterialUpdate":true,"showSkybox":true,"showFlares":true,"showImageEffects":true,"showParticleSystems":true},"in2DMode":false,"pivot":{"x":-65.4000015258789,"y":1.0999999046325684,"z":46.400001525878909},"rotation":{"x":0.20494520664215089,"y":-0.7943112850189209,"z":0.38460883498191836,"w":0.4232529401779175},"size":8.561832427978516,"orthographic":false}