{"cameraMode":{"drawMode":0,"name":"Shaded","section":"Shading Mode"},"sceneLighting":true,"audioPlay":false,"sceneViewState":{"showFog":true,"showMaterialUpdate":true,"showSkybox":true,"showFlares":true,"showImageEffects":true,"showParticleSystems":true},"in2DMode":false,"pivot":{"x":-67.8570327758789,"y":0.13900001347064973,"z":39.85887145996094},"rotation":{"x":0.033034224063158038,"y":-0.9338432550430298,"z":0.0894717276096344,"w":0.3447323143482208},"size":0.7000256180763245,"orthographic":false}