{"cameraMode":{"drawMode":0,"name":"Shaded","section":"Shading Mode"},"sceneLighting":true,"audioPlay":false,"sceneViewState":{"showFog":true,"showMaterialUpdate":true,"showSkybox":true,"showFlares":true,"showImageEffects":true,"showParticleSystems":true},"in2DMode":false,"pivot":{"x":-58.062618255615237,"y":1.4534388780593873,"z":47.62338638305664},"rotation":{"x":-0.04725842550396919,"y":0.4165365695953369,"z":-0.021683620288968087,"w":-0.9076308608055115},"size":0.5370136499404907,"orthographic":false}