{"cameraMode":{"drawMode":0,"name":"Shaded","section":"Shading Mode"},"sceneLighting":true,"audioPlay":false,"sceneViewState":{"showFog":true,"showMaterialUpdate":true,"showSkybox":true,"showFlares":true,"showImageEffects":true,"showParticleSystems":true},"in2DMode":false,"pivot":{"x":-42.44478225708008,"y":-7.606700897216797,"z":-9.935735702514649},"rotation":{"x":-0.015133481472730637,"y":-0.93830806016922,"z":0.34297865629196169,"w":-0.04140995815396309},"size":37.37480545043945,"orthographic":false}