{"cameraMode":{"drawMode":0,"name":"Shaded","section":"Shading Mode"},"sceneLighting":true,"audioPlay":false,"sceneViewState":{"showFog":true,"showMaterialUpdate":true,"showSkybox":true,"showFlares":true,"showImageEffects":true,"showParticleSystems":true},"in2DMode":false,"pivot":{"x":-62.02737808227539,"y":0.6993967890739441,"z":39.874427795410159},"rotation":{"x":0.1727766990661621,"y":-0.30019766092300417,"z":0.055382344871759418,"w":0.9364627003669739},"size":0.3143675923347473,"orthographic":false}