{"cameraMode":{"drawMode":0,"name":"Shaded","section":"Shading Mode"},"sceneLighting":true,"audioPlay":false,"sceneViewState":{"showFog":true,"showMaterialUpdate":true,"showSkybox":true,"showFlares":true,"showImageEffects":true,"showParticleSystems":true},"in2DMode":false,"pivot":{"x":-64.13680267333985,"y":2.40225887298584,"z":43.79816818237305},"rotation":{"x":-0.06007462367415428,"y":0.9367266893386841,"z":-0.20057718455791474,"w":-0.2805405557155609},"size":1.1355371475219727,"orthographic":false}