{"cameraMode":{"drawMode":0,"name":"Shaded","section":"Shading Mode"},"sceneLighting":true,"audioPlay":false,"sceneViewState":{"showFog":true,"showMaterialUpdate":true,"showSkybox":true,"showFlares":true,"showImageEffects":true,"showParticleSystems":true},"in2DMode":false,"pivot":{"x":-11.407207489013672,"y":1.6384334564208985,"z":32.59086608886719},"rotation":{"x":0.08089572191238404,"y":-0.7211095690727234,"z":0.0854388028383255,"w":0.6827569603919983},"size":3.3702335357666017,"orthographic":false}