{"cameraMode":{"drawMode":0,"name":"Shaded","section":"Shading Mode"},"sceneLighting":true,"audioPlay":false,"sceneViewState":{"showFog":true,"showMaterialUpdate":true,"showSkybox":true,"showFlares":true,"showImageEffects":true,"showParticleSystems":true},"in2DMode":false,"pivot":{"x":-59.4594841003418,"y":0.7593886256217957,"z":39.68724060058594},"rotation":{"x":0.0282608475536108,"y":-0.7065427899360657,"z":0.028255198150873185,"w":0.7065410614013672},"size":1.0785448551177979,"orthographic":false}