{"cameraMode":{"drawMode":0,"name":"Shaded","section":"Shading Mode"},"sceneLighting":true,"audioPlay":false,"sceneViewState":{"showFog":true,"showMaterialUpdate":false,"showSkybox":true,"showFlares":true,"showImageEffects":true,"showParticleSystems":true},"in2DMode":false,"pivot":{"x":-9.367504119873047,"y":6.590514183044434,"z":-9.68918228149414},"rotation":{"x":-0.027284828945994378,"y":0.9483791589736939,"z":-0.08502879738807678,"w":-0.30430689454078677},"size":35.18190002441406,"orthographic":false}