{"cameraMode":{"drawMode":0,"name":"Shaded","section":"Shading Mode"},"sceneLighting":false,"audioPlay":false,"sceneViewState":{"showFog":true,"showMaterialUpdate":true,"showSkybox":false,"showFlares":true,"showImageEffects":true,"showParticleSystems":true},"in2DMode":false,"pivot":{"x":-0.008130371570587159,"y":-0.0004607886075973511,"z":0.14953328669071198},"rotation":{"x":-0.5720504522323608,"y":0.16258305311203004,"z":-0.11692607402801514,"w":-0.795395016670227},"size":1.1596393585205079,"orthographic":false}