{"cameraMode":{"drawMode":0,"name":"Shaded","section":"Shading Mode"},"sceneLighting":true,"audioPlay":false,"sceneViewState":{"showFog":true,"showMaterialUpdate":true,"showSkybox":true,"showFlares":true,"showImageEffects":true,"showParticleSystems":true},"in2DMode":false,"pivot":{"x":-35.669307708740237,"y":2.389569044113159,"z":39.96613311767578},"rotation":{"x":0.23527173697948457,"y":-0.1947362869977951,"z":0.04817822203040123,"w":0.9510015845298767},"size":2.944492816925049,"orthographic":false}