{"cameraMode":{"drawMode":0,"name":"Shaded","section":"Shading Mode"},"sceneLighting":true,"audioPlay":false,"sceneViewState":{"showFog":true,"showMaterialUpdate":true,"showSkybox":true,"showFlares":true,"showImageEffects":true,"showParticleSystems":true},"in2DMode":false,"pivot":{"x":-9.590747833251954,"y":-5.456817626953125,"z":30.727081298828126},"rotation":{"x":0.4386754631996155,"y":-0.5571736693382263,"z":0.4509636461734772,"w":0.5419900417327881},"size":14.074783325195313,"orthographic":false}