{"cameraMode":{"drawMode":0,"name":"Shaded","section":"Shading Mode"},"sceneLighting":true,"audioPlay":false,"sceneViewState":{"showFog":true,"showMaterialUpdate":true,"showSkybox":true,"showFlares":true,"showImageEffects":true,"showParticleSystems":true},"in2DMode":false,"pivot":{"x":-52.69992446899414,"y":-0.0037965774536132814,"z":54.31867599487305},"rotation":{"x":0.03887728601694107,"y":0.22789302468299867,"z":-0.0091102235019207,"w":0.9728671312332153},"size":14.561985969543457,"orthographic":false}