{"cameraMode":{"drawMode":0,"name":"Shaded","section":"Shading Mode"},"sceneLighting":true,"audioPlay":false,"sceneViewState":{"showFog":true,"showMaterialUpdate":true,"showSkybox":true,"showFlares":true,"showImageEffects":true,"showParticleSystems":true},"in2DMode":false,"pivot":{"x":-35.828216552734378,"y":-4.895171165466309,"z":65.38699340820313},"rotation":{"x":0.29047781229019167,"y":-0.35784828662872317,"z":0.11817733198404312,"w":0.8795461654663086},"size":63.027042388916019,"orthographic":false}