{"cameraMode":{"drawMode":0,"name":"Shaded","section":"Shading Mode"},"sceneLighting":true,"audioPlay":false,"sceneViewState":{"showFog":true,"showMaterialUpdate":true,"showSkybox":true,"showFlares":true,"showImageEffects":true,"showParticleSystems":true},"in2DMode":false,"pivot":{"x":-64.49691009521485,"y":3.505505323410034,"z":43.640071868896487},"rotation":{"x":-0.16225211322307588,"y":-0.4401499927043915,"z":0.08121462166309357,"w":-0.8794012069702148},"size":1.4849916696548463,"orthographic":false}