{"cameraMode":{"drawMode":0,"name":"Shaded","section":"Shading Mode"},"sceneLighting":true,"audioPlay":false,"sceneViewState":{"showFog":true,"showMaterialUpdate":true,"showSkybox":true,"showFlares":true,"showImageEffects":true,"showParticleSystems":true},"in2DMode":false,"pivot":{"x":-44.439361572265628,"y":1.5769474506378174,"z":46.57057189941406},"rotation":{"x":0.3559161126613617,"y":0.1440381556749344,"z":-0.055619366466999057,"w":0.9216741323471069},"size":42.29714584350586,"orthographic":false}