{"cameraMode":{"drawMode":0,"name":"Shaded","section":"Shading Mode"},"sceneLighting":true,"audioPlay":false,"sceneViewState":{"showFog":true,"showMaterialUpdate":true,"showSkybox":true,"showFlares":true,"showImageEffects":true,"showParticleSystems":true},"in2DMode":false,"pivot":{"x":-58.9630012512207,"y":0.6735049486160278,"z":47.5089111328125},"rotation":{"x":0.12481993436813355,"y":-0.8072888851165772,"z":0.18435855209827424,"w":0.5465498566627502},"size":1.4370136260986329,"orthographic":false}