{"cameraMode":{"drawMode":0,"name":"Shaded","section":"Shading Mode"},"sceneLighting":true,"audioPlay":false,"sceneViewState":{"showFog":true,"showMaterialUpdate":true,"showSkybox":true,"showFlares":true,"showImageEffects":true,"showParticleSystems":true},"in2DMode":false,"pivot":{"x":-66.13400268554688,"y":0.25,"z":43.52599334716797},"rotation":{"x":0.033034224063158038,"y":-0.9338432550430298,"z":0.0894717276096344,"w":0.3447323143482208},"size":8.143641471862793,"orthographic":false}