{"cameraMode":{"drawMode":0,"name":"Shaded","section":"Shading Mode"},"sceneLighting":true,"audioPlay":false,"sceneViewState":{"showFog":true,"showMaterialUpdate":true,"showSkybox":true,"showFlares":true,"showImageEffects":true,"showParticleSystems":true},"in2DMode":false,"pivot":{"x":-62.26491165161133,"y":-0.32279419898986819,"z":32.660888671875},"rotation":{"x":0.007388015743345022,"y":-0.9919654726982117,"z":0.10548470914363861,"w":0.06944740563631058},"size":14.561985969543457,"orthographic":false}