{"cameraMode":{"drawMode":0,"name":"Shaded","section":"Shading Mode"},"sceneLighting":true,"audioPlay":false,"sceneViewState":{"showFog":true,"showMaterialUpdate":true,"showSkybox":true,"showFlares":true,"showImageEffects":true,"showParticleSystems":true},"in2DMode":false,"pivot":{"x":-63.15431594848633,"y":-1.3162727355957032,"z":50.65968322753906},"rotation":{"x":0.41455507278442385,"y":-0.35002219676971438,"z":0.17668598890304566,"w":0.821225106716156},"size":8.152939796447754,"orthographic":false}