{"cameraMode":{"drawMode":0,"name":"Shaded","section":"Shading Mode"},"sceneLighting":true,"audioPlay":false,"sceneViewState":{"showFog":true,"showMaterialUpdate":true,"showSkybox":true,"showFlares":true,"showImageEffects":true,"showParticleSystems":true},"in2DMode":false,"pivot":{"x":-63.08940887451172,"y":0.20168358087539674,"z":36.87648010253906},"rotation":{"x":-0.42905810475349429,"y":0.012760674580931664,"z":-0.006056834477931261,"w":-0.9031664729118347},"size":53.27409362792969,"orthographic":false}