{"cameraMode":{"drawMode":0,"name":"Shaded","section":"Shading Mode"},"sceneLighting":true,"audioPlay":false,"sceneViewState":{"showFog":true,"showMaterialUpdate":true,"showSkybox":true,"showFlares":true,"showImageEffects":true,"showParticleSystems":true},"in2DMode":false,"pivot":{"x":-57.860191345214847,"y":1.141611099243164,"z":47.870140075683597},"rotation":{"x":-0.42905810475349429,"y":0.012760674580931664,"z":-0.006056834477931261,"w":-0.9031664729118347},"size":0.8036496639251709,"orthographic":false}