{"cameraMode":{"drawMode":0,"name":"Shaded","section":"Shading Mode"},"sceneLighting":true,"audioPlay":false,"sceneViewState":{"showFog":true,"showMaterialUpdate":true,"showSkybox":true,"showFlares":true,"showImageEffects":true,"showParticleSystems":true},"in2DMode":false,"pivot":{"x":-61.45624542236328,"y":0.7346194386482239,"z":40.90639877319336},"rotation":{"x":0.07852669060230255,"y":-0.582266628742218,"z":0.056638844311237338,"w":0.8072119355201721},"size":1.0785448551177979,"orthographic":false}