{"cameraMode":{"drawMode":0,"name":"Shaded","section":"Shading Mode"},"sceneLighting":true,"audioPlay":false,"sceneViewState":{"showFog":true,"showMaterialUpdate":true,"showSkybox":true,"showFlares":true,"showImageEffects":true,"showParticleSystems":true},"in2DMode":false,"pivot":{"x":-42.152679443359378,"y":-0.7229821681976318,"z":33.904605865478519},"rotation":{"x":-0.03772739693522453,"y":-0.8153547644615173,"z":0.053482383489608768,"w":-0.5752502679824829},"size":24.496639251708986,"orthographic":false}