{"cameraMode":{"drawMode":0,"name":"Shaded","section":"Shading Mode"},"sceneLighting":true,"audioPlay":false,"sceneViewState":{"showFog":true,"showMaterialUpdate":false,"showSkybox":true,"showFlares":true,"showImageEffects":true,"showParticleSystems":true},"in2DMode":false,"pivot":{"x":-3.3460326194763185,"y":2.756328582763672,"z":1.4589760303497315},"rotation":{"x":-0.3283432424068451,"y":0.4220886826515198,"z":-0.16732418537139893,"w":-0.8282719850540161},"size":5.210237503051758,"orthographic":false}