{"cameraMode":{"drawMode":0,"name":"Shaded","section":"Shading Mode"},"sceneLighting":false,"audioPlay":false,"sceneViewState":{"showFog":true,"showMaterialUpdate":true,"showSkybox":false,"showFlares":true,"showImageEffects":true,"showParticleSystems":true},"in2DMode":false,"pivot":{"x":-0.008130371570587159,"y":-0.0004607886075973511,"z":0.14953328669071198},"rotation":{"x":-0.42905810475349429,"y":0.012760674580931664,"z":-0.006056834477931261,"w":-0.9031664729118347},"size":1.1596393585205079,"orthographic":false}