{"cameraMode":{"drawMode":0,"name":"Shaded","section":"Shading Mode"},"sceneLighting":true,"audioPlay":false,"sceneViewState":{"showFog":true,"showMaterialUpdate":true,"showSkybox":true,"showFlares":true,"showImageEffects":true,"showParticleSystems":true},"in2DMode":false,"pivot":{"x":-61.80409622192383,"y":-0.21843528747558595,"z":46.08192443847656},"rotation":{"x":0.3559161126613617,"y":0.1440381556749344,"z":-0.055619366466999057,"w":0.9216741323471069},"size":6.164531707763672,"orthographic":false}