{"cameraMode":{"drawMode":0,"name":"Shaded","section":"Shading Mode"},"sceneLighting":false,"audioPlay":false,"sceneViewState":{"showFog":true,"showMaterialUpdate":true,"showSkybox":false,"showFlares":true,"showImageEffects":true,"showParticleSystems":true},"in2DMode":false,"pivot":{"x":-0.008130371570587159,"y":-0.0004607886075973511,"z":0.14953328669071198},"rotation":{"x":-0.5720505118370056,"y":0.16258306801319123,"z":-0.11692608147859574,"w":-0.7953950762748718},"size":1.1596393585205079,"orthographic":false}